url,title,content,author,date,summary,saved_at
https://idrw.org/iaf-and-drdo-explore-upgrades-for-ageing-phalcon-awacs-amid-push-for-indigenous-innovation/,IAF and DRDO Explore Upgrades for Ageing Phalcon AWACS Amid Push for Indigenous Innovation,,By,Published,,2025-04-25T04:59:10.982863
https://idrw.org/hal-prachand-set-to-boost-firepower-with-indigenous-80mm-unguided-rocket-upgrade/,HAL Prachand Set to Boost Firepower with Indigenous 80mm Unguided Rocket Upgrade,,By,Published,,2025-04-25T04:59:20.766289
https://idrw.org/saabs-gripen-e-offers-seamless-integration-of-indian-missiles-100-tot/,"Saab’s Gripen-E offers Seamless Integration of Indian Missiles, 100% ToT",,By,Published,,2025-04-25T04:59:24.763873
https://www.strategicstudyindia.com/2025/04/how-uk-deal-on-diego-garcia-could.html,Indian Strategic Studies,"raghvendra kumar source link introduction the context diego garcia , an atoll and one of the largest of the 52 islands in the middle of the indian ocean, is geographically part of the chagos archipelago  a british indian ocean territory biot, which is one of the 14 overseas territories of the united kingdom. however, its sovereignty is contested by mauritius, an african island state in the indian ocean. diego garcia hosts a joint anglo-american military base with a deep-water port capable of berthing aircraft carriers, a long runway that enables deep-strike operations and accommodates heavy bombers and refueling aircraft, advanced satellite communication facilities essential for real-time command and control, and strategically pre-positioned military support and supplies  making it a key node for logistics, surveillance, intelligence, and strategic deterrence for the united states. this military base provides the united states with strategic depth and tactical command to project power far beyond its territorial boundaries into regions designated as primary areas of national interest by washington  as witnessed during the gulf war 1991, the war on terror and the invasion of afghanistan 20012021, the iraq invasion 2003, and, most recently, the us strikes on houthi rebels in yemen. since 15 march 2025 , the united states has launched relentless airstrikes on houthi rebel hideouts in yemen, responding to their continued disruption of the free passage of cargo, commercial shipping, and energy supplies in the red sea region. operating in coordination with hezbollah and backed by state-sponsored support, the houthis have increasingly weaponized advanced technologies  including drones, missiles, and unmanned surface vessels usvs  to threaten vital maritime trade routes. these developments have not only jeopardized us and global interests but also pose serious ramifications for regional security, as state-sponsored non-state actors gain access to sophisticated weapon systems capable of holding critical infrastructure and sea lanes hostage  thereby acquiring the means to destabilize the entire region and turning it into a potential safe haven for transnational organized crime networks tnoc.","Maj Gen P K Mallick, VSM(Retd)",,"raghvendra kumar source link introduction the context diego garcia , an atoll and one of the largest of the 52 islands in the middle of the indian ocean, is geographically part of the chagos archipelago a british indian ocean territory biot, which is one of the 14 overseas territories of the united kingdom. however, its sovereignty is contested by mauritius, an african island state in the indian ocean. this military base provides the united states with strategic depth and tactical command to project power far beyond its territorial boundaries into regions designated as primary areas of national interest by washington as witnessed during the gulf war 1991, the war on terror and the invasion of afghanistan 20012021, the iraq invasion 2003, and, most recently, the us strikes on houthi rebels in yemen.",2025-04-25T05:00:28.547486
https://www.strategicstudyindia.com/2025/04/se-asia-keeps-peace-50-years-after.html,Indian Strategic Studies,"michael vatikiotis source link on april 30, 1975, the last american helicopter lifted off the roof of the us embassy in saigon hours before north vietnamese tanks crashed through the gates of then-south vietnams presidential palace, marking the end of the vietnam war. since then, southeast asia has been mostly unafflicted by interstate war. there was, of course, vietnams invasion of cambodia in december 1978 and chinas retaliatory assault on vietnam along their shared border months later in 1979. but these were largely legacies of indochinas larger conflict that started when france sought to defeat vietnams bid for independence in the 1950s. the lesson of this period half a century ago, which cost as many as four million lives, is that great powers were militarily defeated and failed to prevail. southeast asian states, although riven by internal tension and conflict, have since then managed to fend off external intrusion and coexist in awkward though peaceful equilibrium. this signifies a historical resilience and immunity that, in todays era of multipolarity and evolving spheres of influence, should serve southeast asia well. as other regions of the world fall prey to proxy conflict and perpetual instability  particularly the middle east  the ten nations of southeast asia have managed to resist overt great power alignment and enjoy relative geopolitical stability.","Maj Gen P K Mallick, VSM(Retd)",,"michael vatikiotis source link on april 30, 1975, the last american helicopter lifted off the roof of the us embassy in saigon hours before north vietnamese tanks crashed through the gates of then-south vietnams presidential palace, marking the end of the vietnam war. this signifies a historical resilience and immunity that, in todays era of multipolarity and evolving spheres of influence, should serve southeast asia well. as other regions of the world fall prey to proxy conflict and perpetual instability particularly the middle east the ten nations of southeast asia have managed to resist overt great power alignment and enjoy relative geopolitical stability.",2025-04-25T05:00:36.167175
https://www.strategicstudyindia.com/2025/04/shattered-hegemony-rivalry-between-us.html,Indian Strategic Studies,"josé juan ruiz source link 1. introduction for decades, the international system was characterised by the hegemonic position of the us, consolidated after world war ii and strengthened after the disintegration of the soviet union in 1991. however, chinas re-emergence as a key player in the worlds economic, political and military dynamics has started to challenge us primacy, something that began to become evident in donald trumps first administration in 2017 and has intensified since his return to the white house. in the few months that have elapsed since his return to power, there has been a radical change compared with previous administrations, both in terms of rhetoric and in terms of economic and foreign policy. his protectionist policies, his withdrawal from global commitments and the imposition of tariffs on allies and rivals have caused acute uncertainty, while his foreign policy decisions have become increasingly reminiscent of the gunboat diplomacy of the 19th century.","Maj Gen P K Mallick, VSM(Retd)",,"introduction for decades, the international system was characterised by the hegemonic position of the us, consolidated after world war ii and strengthened after the disintegration of the soviet union in 1991. in the few months that have elapsed since his return to power, there has been a radical change compared with previous administrations, both in terms of rhetoric and in terms of economic and foreign policy. his protectionist policies, his withdrawal from global commitments and the imposition of tariffs on allies and rivals have caused acute uncertainty, while his foreign policy decisions have become increasingly reminiscent of the gunboat diplomacy of the 19th century.",2025-04-25T05:00:42.929448
https://www.strategicstudyindia.com/2025/04/how-uk-deal-on-diego-garcia-could.html,How the U.K. Deal on Diego Garcia Could Reshape U.S. Military in the Indian Ocean,,,,,2025-04-25T05:03:11.767973
https://www.strategicstudyindia.com/2025/04/se-asia-keeps-peace-50-years-after.html,SE Asia keeps the peace 50 years after Vietnam War,,,,,2025-04-25T05:03:18.797972
https://www.strategicstudyindia.com/2025/04/shattered-hegemony-rivalry-between-us.html,Shattered Hegemony: Rivalry Between US And China In New Era Of Politics Of Force – Analysis,,,,,2025-04-25T05:03:26.726708
